groceryCategory;GroceryList;groceryListItem;#;Units
Fridge;Beef Lasagne;Beef Lasagne;1000;g
Fridge;Melanzane Parmigiana;Melanzane Parmigiana;820;g
Freezer;Sweet Potato Fries;Frozen Sweet Potato Chips;250;g
Fresh Produce;Roasted Butternut & Spinach Phyllo Parcels;Roasted Butternut & Spinach Phyllo Parcel;1;#
Fresh Produce;Banana Pancakes;Banana;2;#
Fridge;Banana Pancakes;Eggs;2;#
Pantry;Banana Pancakes;Oats;125;g
Pantry;Banana Pancakes;Vanilla Essence;5;ml
Fridge;Banana Pancakes;Butter;20;g
Freezer;Berry Smoothie;Frozen Summer Berries;;
Fresh Produce;Berry Smoothie;Banana;2;#
Fridge;Berry Smoothie;Peanut Butter;120;ml
Pantry;Berry Smoothie;Vanilla Essence;5;ml
Bread & Bakery;Berry Smoothie;Oats;500;g
Fridge;Berry Smoothie;Milk;500;ml
Fridge;Berry Smoothie;Yoghurt;;
Bread & Bakery;Weetbix & Fruit;Weetbix;900;#
Fresh Produce;Weetbix & Fruit;Apple;1;#
Fridge;Pre-Made Meals: Beef Lasagne;Pre-Made Meals: Beef Lasagne;;
Fridge;Pre-Made Meals: Chicken Lasagne;Pre-Made Meals: Chicken Lasagne;;
Pantry;Pre-Made Meals: Bobotie;Pre-Made Meals: Bobotie;;
Pantry;Pre-Made Meals: Spaghetti Bolognaise;Pre-Made Meals: Spaghetti Bolognaise;;
Pantry;Pre-Made Meals: Mash and Stew;Pre-Made Meals: Mash And Stew;;
Pantry;Peanut Butter Bars;"Eggs (); Peanut Butter (); Bananas (); Baking Powder";2;
Fresh Produce;Pumpkin & Ginger Soup;Fresh Pumpkin & Ginger Soup;;
Pantry;Pumpkin & Ginger Soup;;20;
Pantry;Pumpkin & Ginger Soup;Feta;100;g
Drinks;Aperol Spritz Lollies;Prosecco;500;ml
Drinks;Aperol Spritz Lollies;Soda Water;500;ml
Drinks;Aperol Spritz Lollies;Aperol;330;ml
Fridge;Egg Mayo Sandwiches;Eggs;2;#
Pantry;Egg Mayo Sandwiches;Mayonnaise;30;g
Bread & Bakery;Egg Mayo Sandwiches;Bread;2;slices
Fridge;Chicken Strips;Chicken Strips;150;g
Fresh Produce;Broccoli;Broccoli;100;g
Bread & Bakery;Pasta (Orzo);Pasta Rice;80;g
Bread & Bakery;Pasta (Shells);Pasta Shells;80;g
Fridge;Cheese;Cheese;;
Fresh Produce;Avo;Avocado;1;#
Bread & Bakery;Cheese & Spinach Quesadilla Triangles;Wholewheat Wrap;1;
Fridge;Cheese & Spinach Quesadilla Triangles;Cheese (¼ Cup);;
Fresh Produce;Cheese & Spinach Quesadilla Triangles;Finely Chopped Spinach (Small Handful);;
Fresh Produce;Apple “Cookies” with Nut Butter;Apple;1;#
Fridge;Apple “Cookies” with Nut Butter;Peanut/Sunflower Butter;2;tbsp
Bread & Bakery;Apple “Cookies” with Nut Butter;Oats/Raisins (Sprinkle);;
Bread & Bakery;Slow Cooked Aubergine and Coconut Curry;Rice;200;g
Herbs & Spices;Slow Cooked Aubergine and Coconut Curry;Slow Cooked Aubergine And Coconut Curry;1;#
Fridge;Slow Cooked Aubergine and Coconut Curry;Paratas;3;#
Fridge;Slow Cooked Aubergine and Coconut Curry;Butter;15;g
Pantry;Mexican Street Corn;Sweetcorn;350;g
Fridge;Mexican Street Corn;Butter;15;g
Fresh Produce;Mexican Street Corn;Limes;2;#
Herbs & Spices;Mexican Street Corn;Chipotle Spice;5;g
Fridge;Sriracha Egg Mayo Rolls;Eggs;2;#
Pantry;Sriracha Egg Mayo Rolls;Sriracha Mayo;75;#
Bread & Bakery;Sriracha Egg Mayo Rolls;Brown Seeded Rolls;8;#
Fridge;Sriracha Egg Mayo Rolls;Butter;15;g
Drinks;Chocolate Chickpea & Coconut Bark;Chocolate (Lindt %;78;
Pantry;Chocolate Chickpea & Coconut Bark;Coconut Oil;5;ml
Fresh Produce;Chocolate Chickpea & Coconut Bark;Chickpeas;400;g
Pantry;Chocolate Chickpea & Coconut Bark;Coconut Flakes;20;g
Fridge;Eggs (2);Eggs;2;#
Bread & Bakery;Bread (2);Bread;2;
Fridge;Cheese;Cheese;;
Fresh Produce;Avocado;Avocado;2;#
Fridge;Eggs (2);Eggs;2;#
Bread & Bakery;Bread (2);Bread;2;
Fridge;Cheese;Cheese;;
Fridge;Bacon;Bacon;;
Fridge;Chicken Mayo Sandwiches;Chicken (Cooked;;
Pantry;Chicken Mayo Sandwiches;Shredded);100;g
Pantry;Chicken Mayo Sandwiches;Mayonnaise;30;g
Bread & Bakery;Chicken Mayo Sandwiches;Bread;2;slices
Fresh Produce;Meatballs;Meatballs;150;g
Fresh Produce;Tomato Pasta Sauce;Tomato Pasta Sauce;;
Herbs & Spices;Red Pepper Pesto Pasta Sauce;Red Pepper Pesto Pasta Sauce;;
Fresh Produce;Chipolatas;Chipolatas;150;g
Freezer;Fish Fingers;Fish Fingers;;
Fridge;Yoghurt & Berry Pops;Natural Yoghurt;1;cup
Pantry;Yoghurt & Berry Pops;Berries;1;cup
Pantry;Yoghurt & Berry Pops;Honey (Optional;;
Pantry;Yoghurt & Berry Pops;;1;tsp
Bread & Bakery;Breakfast Croissants;Croissants;6;#
Fridge;Breakfast Croissants;Eggs;2;#
Fridge;Breakfast Croissants;Halloumi;320;g
Fresh Produce;Breakfast Croissants;Avocado;2;#
Fridge;Breakfast Croissants;Butter;15;g
Fresh Produce;Simple Baked Fish;Hake;250;g
Fridge;Simple Baked Fish;Butter;15;g
Pantry;Simple Baked Fish;Olive Oil;45;ml
Herbs & Spices;Simple Baked Fish;Salt;15;ml
Herbs & Spices;Simple Baked Fish;Pepper;7,5;ml
Fresh Produce;Roasted Cauliflower & Peas (Gio’s);Cauliflower;300;g
Freezer;Roasted Cauliflower & Peas (Gio’s);Peas (Frozen);250;ml
Fresh Produce;Roasted Cauliflower & Peas (Gio’s);White Onion;1;#
Pantry;Roasted Cauliflower & Peas (Gio’s);Olive Oil;45;ml
Herbs & Spices;Roasted Cauliflower & Peas (Gio’s);Salt;15;ml
Fridge;Mango Granita;Double Cream Ayrshire Coconut Yoghurt;250;g
Fresh Produce;Mango Granita;Mango;1;#
Herbs & Spices;Mango Granita;Mint;10;g
Drinks;Mango Granita;Chocolate (Lindt %;78;
Fresh Produce;Mango Granita;Limes;2;#
Fridge;Hot chocolate;Milk;500;ml
Pantry;Hot chocolate;Cacao Powder;30;g
Drinks;Hot chocolate;Chocolate (Lindt %;85;
Pantry;Hot chocolate;Sugar (Coconut);10;ml
Pantry;Hot chocolate;Vanilla Paste;1,25;ml
Pantry;Peanut Butter Freezer Fudge;Coconut Oil;5;ml
Pantry;Peanut Butter Freezer Fudge;Honey;30;ml
Fridge;Peanut Butter Freezer Fudge;Peanut Butter;120;ml
Pantry;Peanut Butter Freezer Fudge;Vanilla Paste;1,25;ml
Herbs & Spices;Peanut Butter Freezer Fudge;Salt;15;ml
Drinks;Home Restock;Tea Lights;9;#
Cleaning & Household;Home Restock;Stick Candles;3;#
Cleaning & Household;Home Restock;Incense;5;#
Cleaning & Household;Home Restock;Plant Food;1;#
Cleaning & Household;Home Restock;Hand Wash;1;#
Fresh Produce;Apple Oats;Apple;1;#
Bread & Bakery;Apple Oats;Oats;500;g
Fridge;Apple Oats;Milk;500;ml
Fridge;Apple Oats;Yoghurt;;
Fridge;Apple Oats;Peanut Butter;120;ml
Fridge;Chicken Strips, Broccoli, Mash;Chicken Strips;150;g
Fresh Produce;Chicken Strips, Broccoli, Mash;Broccoli;100;g
Pantry;Chicken Strips, Broccoli, Mash;Potato;2;
Fridge;Chicken Strips, Broccoli, Mash;Butter;10;g
Fridge;Chicken Strips, Broccoli, Mash;Milk;50;ml
Bread & Bakery;Quesadilla Triangles;Tortilla Wraps;2;
Fridge;Quesadilla Triangles;Cheese (Grated);50;g
Fridge;Quesadilla Triangles;Chicken (Cooked;;
Pantry;Quesadilla Triangles;Shredded);50;g
Fresh Produce;Quesadilla Triangles;Avocado;1;#
Freezer;Berry Jellies;Mixed Berries (Fresh Or Frozen;;
Pantry;Berry Jellies;Gelatin ( Or Agar Agar;2;tbsp
Drinks;Berry Jellies;Water/Juice;1;cup
Pantry;Berry Jellies;Honey (Optional);30;ml
Fresh Produce;Oat & Banana Balls;Banana;1;#
Bread & Bakery;Oat & Banana Balls;Oats;1;cup
Fridge;Oat & Banana Balls;Peanut Butter;2;tbsp
Pantry;Oat & Banana Balls;Raisins/Coconut (Optional);;
Pantry;Parmesean & Almond Salad;Crunchita® Lettuce;300;g
Fridge;Parmesean & Almond Salad;Parmesan;20;g
Pantry;Parmesean & Almond Salad;Almonds (Slivered);100;g
Herbs & Spices;Parmesean & Almond Salad;Salt;15;ml
Herbs & Spices;Parmesean & Almond Salad;Pepper;7,5;ml
Pantry;Parmesean & Almond Salad;Olive Oil;45;ml
Fridge;Mark's Magic Mushroom Sauce;Butter;15;g
Pantry;Mark's Magic Mushroom Sauce;Almonds (Flaked);100;g
Fresh Produce;Mark's Magic Mushroom Sauce;Mushrooms;125;g
Herbs & Spices;Mark's Magic Mushroom Sauce;Parsley;30;g
Fridge;Mark's Magic Mushroom Sauce;Cream (Double Thick);120;ml
Fresh Produce;Mark's Magic Mushroom Sauce;Lemons;1;#
Fresh Produce;Chili Garlic Broccolini;Tenderstem Brocolli;230;g
Pantry;Chili Garlic Broccolini;Olive Oil;45;ml
Fresh Produce;Chili Garlic Broccolini;Garlic;3;#
Fresh Produce;Chili Garlic Broccolini;Red Onion;0,5;#
Herbs & Spices;Chili Garlic Broccolini;Chilli Flakes;5;ml
Pantry;Chili Garlic Broccolini;Red Wine Vinegar;15;ml
Fresh Produce;Blueberry Peanut Butter Smoothie;Banana;2;#
Fridge;Blueberry Peanut Butter Smoothie;Peanut Butter;120;ml
Pantry;Blueberry Peanut Butter Smoothie;Blueberries;50;g
Pantry;Blueberry Peanut Butter Smoothie;Chia Seeds;15;ml
Drinks;Blueberry Peanut Butter Smoothie;Water;250;ml
Fridge;Blueberry Peanut Butter Smoothie;Milk;500;ml
Fresh Produce;Green Goddess Panini;Chickpeas;400;g
Herbs & Spices;Green Goddess Panini;Basil Pesto;0,25;#
Bread & Bakery;Green Goddess Panini;Sourdough Bread;0,5;#
Fresh Produce;Green Goddess Panini;Wild Rocket;20;g
Pantry;Green Goddess Panini;Artichokes;390;g
Fresh Produce;Green Goddess Panini;Avocado;2;#
Fresh Produce;Meatballs, Peas & Corn, Mash;Meatballs;150;g
Fresh Produce;Meatballs, Peas & Corn, Mash;Peas;100;g
Pantry;Meatballs, Peas & Corn, Mash;Corn;100;g
Pantry;Meatballs, Peas & Corn, Mash;Potato;2;
Fridge;Meatballs, Peas & Corn, Mash;Butter;10;g
Fridge;Meatballs, Peas & Corn, Mash;Milk;50;ml
Fresh Produce;Chipolatas, Peas & Corn, Mash;Chipolatas;150;g
Fresh Produce;Chipolatas, Peas & Corn, Mash;Peas;100;g
Pantry;Chipolatas, Peas & Corn, Mash;Corn;100;g
Pantry;Chipolatas, Peas & Corn, Mash;Potato;2;
Fridge;Chipolatas, Peas & Corn, Mash;Butter;10;g
Fridge;Chipolatas, Peas & Corn, Mash;Milk;50;ml
Fridge;Veggie Frittatas, Peas & Corn, Mash;Veggie Frittatas;2;
Fresh Produce;Veggie Frittatas, Peas & Corn, Mash;Peas;100;g
Pantry;Veggie Frittatas, Peas & Corn, Mash;Corn;100;g
Pantry;Veggie Frittatas, Peas & Corn, Mash;Potato;2;
Fridge;Veggie Frittatas, Peas & Corn, Mash;Butter;10;g
Fridge;Veggie Frittatas, Peas & Corn, Mash;Milk;50;ml
Fridge;Fish Cakes, Veg & Mash;Fish Cakes;2;
Fresh Produce;Fish Cakes, Veg & Mash;Peas;100;g
Pantry;Fish Cakes, Veg & Mash;Corn;100;g
Pantry;Fish Cakes, Veg & Mash;Potato;2;
Fridge;Fish Cakes, Veg & Mash;Butter;10;g
Fridge;Fish Cakes, Veg & Mash;Milk;50;ml
Bread & Bakery;Mini Pita Pockets;Mini Pita Breads;2;
Fridge;Mini Pita Pockets;Chicken Strips (Cooked);100;g
Fresh Produce;Mini Pita Pockets;Cucumber;0,5;#
Fresh Produce;Mini Pita Pockets;Carrot (Grated);1;ml
Fresh Produce;Mini Pita Pockets;Avocado;1;#
Fridge;Mini Pita Pockets;Cream Cheese;40;g
Fresh Produce;Chocolate Veggie Muffins;Grated Carrot;1;
Fresh Produce;Chocolate Veggie Muffins;Grated Zucchini;1;
Pantry;Chocolate Veggie Muffins;Cocoa Powder (¼ Cup);125;ml
Fridge;Chocolate Veggie Muffins;Egg;1;#
Pantry;Chocolate Veggie Muffins;Flour;250;ml
Pantry;Chocolate Veggie Muffins;Baking Powder;0,5;tsp
Fresh Produce;Chocolate Pops;Avocado;2;#
Pantry;Chocolate Pops;Cocoa Powder;125;ml
Fridge;Chocolate Pops;Yoghurt;;
Pantry;Chocolate Pops;Maple Syrup;62,5;ml
Pantry;Chocolate Pops;Vanilla Essence;5;ml
Fridge;Chocolate Pops;Almond Butter;167;ml
Bread & Bakery;Mike's Gio's Sandwich;Baguette;1;#
Fridge;Mike's Gio's Sandwich;Butter;15;g
Pantry;Mike's Gio's Sandwich;Mayonnaise;20;ml
Pantry;Mike's Gio's Sandwich;Mustard (Dijon);10;ml
Fresh Produce;Mike's Gio's Sandwich;Wild Rocket;20;g
Pantry;Mike's Gio's Sandwich;Olives;20;g
Fridge;Mike's Gio's Sandwich;Emmental Cheese;50;g
Pantry;Veggie Frittatas;Eggs;4;#
Fresh Produce;Veggie Frittatas;Mixed Vegetables (Peas;;
Pantry;Veggie Frittatas;Corn;;
Fresh Produce;Veggie Frittatas;Broccoli;1;#
Fresh Produce;Veggie Frittatas;Carrots);83;ml
Fridge;Veggie Frittatas;Cheese (Optional);;
Pantry;Veggie Frittatas;Olive Oil;45;ml
Pantry;Nut & Seed Granola;Macadamia Nuts;100;g
Pantry;Nut & Seed Granola;Coconut Flakes;20;g
Pantry;Nut & Seed Granola;Almonds (Raw);100;g
Pantry;Nut & Seed Granola;Pecan Nuts;50;g
Pantry;Nut & Seed Granola;Flaxseed;10;g
Pantry;Nut & Seed Granola;;20;
Pantry;Nut & Seed Granola;Sunflower Seeds;50;g
Pantry;Nut & Seed Granola;Honey;30;ml
Fridge;Pea, Mint and Goat’s Cheese Omelettes;Eggs;2;#
Fresh Produce;Pea, Mint and Goat’s Cheese Omelettes;Red Onion;0,5;#
Fridge;Pea, Mint and Goat’s Cheese Omelettes;Goat’S Cheese;100;g
Freezer;Pea, Mint and Goat’s Cheese Omelettes;Peas (Frozen);250;ml
Herbs & Spices;Pea, Mint and Goat’s Cheese Omelettes;Mint;10;g
Fridge;Pea, Mint and Goat’s Cheese Omelettes;Mozzarella;100;g
Pantry;Pea, Mint and Goat’s Cheese Omelettes;Olive Oil;45;ml
Fridge;Pea, Mint and Goat’s Cheese Omelettes;Butter;15;g
Fresh Produce;Caramelised Onion & Pumpkin Frittata;Pumpkin;800;g
Pantry;Caramelised Onion & Pumpkin Frittata;Olive Oil;45;ml
Fresh Produce;Caramelised Onion & Pumpkin Frittata;Red Onion;0,5;#
Pantry;Caramelised Onion & Pumpkin Frittata;Balsamic Vinegar;15;ml
Fridge;Caramelised Onion & Pumpkin Frittata;Eggs;2;#
Herbs & Spices;Caramelised Onion & Pumpkin Frittata;Rosemary (Fresh);5;g
Fresh Produce;Caramelised Onion & Pumpkin Frittata;Baby Spinach;200;g
Fridge;Caramelised Onion & Pumpkin Frittata;Goat’S Cheese;100;g
Pantry;Crispy Gnocchi with Parmesan Pea Purée;Gnocchi (Fresh);400;g
Fridge;Crispy Gnocchi with Parmesan Pea Purée;Parmesan;20;g
Freezer;Crispy Gnocchi with Parmesan Pea Purée;Peas (Frozen);250;ml
Fresh Produce;Crispy Gnocchi with Parmesan Pea Purée;Garlic;3;#
Fridge;Crispy Gnocchi with Parmesan Pea Purée;Butter;15;g
Fridge;Crispy Gnocchi with Parmesan Pea Purée;Milk;500;ml
Herbs & Spices;Crispy Gnocchi with Parmesan Pea Purée;Mint;10;g
Pantry;Crispy Gnocchi with Parmesan Pea Purée;Pine Nuts;25;g
Bread & Bakery;Red Pesto Couscous Salad;Couscous;270;g
Herbs & Spices;Red Pesto Couscous Salad;Red Pepper Pesto;125;g
Pantry;Red Pesto Couscous Salad;Roasting Vegetables;800;g
Pantry;Red Pesto Couscous Salad;Olive Oil;45;ml
Fridge;Red Pesto Couscous Salad;Halloumi;320;g
Pantry;Red Pesto Couscous Salad;Sunflower Seeds;50;g
Fresh Produce;Red Pesto Couscous Salad;Pumpkin Seeds;25;g
Fresh Produce;Red Pesto Couscous Salad;Wild Rocket;20;g
Pantry;Classic Italian Tiramisu;Cocoa Powder;125;ml
Drinks;Classic Italian Tiramisu;Espresso;250;ml
Pantry;Classic Italian Tiramisu;Vanilla Essence;5;ml
Fridge;Classic Italian Tiramisu;Egg Yolks;1;#
Pantry;Classic Italian Tiramisu;Sugar (White);10;ml
Herbs & Spices;Classic Italian Tiramisu;Salt;15;ml
Fridge;Classic Italian Tiramisu;Mascarpone Cheese;450;g
Fridge;Classic Italian Tiramisu;Cream (Double Thick);120;ml
Bread & Bakery;Classic Italian Tiramisu;Ladyfinger Biscuits (Hard);36;#
Pantry;Green Goddess Pasta;Olive Oil;45;ml
Fresh Produce;Green Goddess Pasta;Leeks;1;#
Fresh Produce;Green Goddess Pasta;Garlic;3;#
Fresh Produce;Green Goddess Pasta;Baby Spinach;200;g
Freezer;Green Goddess Pasta;Peas (Frozen);250;ml
Fridge;Green Goddess Pasta;Cottage Cheese;250;g
Pantry;Green Goddess Pasta;Vegetable Stock;250;ml
Bread & Bakery;Green Goddess Pasta;Rigatoni;400;g
Fresh Produce;Green Goddess Pasta;Snap Peas;200;g
Fresh Produce;Caprese Salad;Wild Rocket;20;g
Herbs & Spices;Caprese Salad;Basil;30;g
Fresh Produce;Caprese Salad;Cherry Tomatoes;250;g
Fridge;Caprese Salad;Bocconcini Mozarella;150;g
Fresh Produce;Caprese Salad;Avocado;2;#
Pantry;Caprese Salad;Olive Oil;45;ml
Herbs & Spices;Caprese Salad;Salt;15;ml
Herbs & Spices;Caprese Salad;Pepper;7,5;ml
Pantry;Caprese Salad;Balsamic Vinegar;15;ml
Fridge;Tashas Halloumi Salad;Halloumi;320;g
Fresh Produce;Tashas Halloumi Salad;Wild Rocket;20;g
Fresh Produce;Tashas Halloumi Salad;Baby Spinach;200;g
Herbs & Spices;Tashas Halloumi Salad;Mint;10;g
Fresh Produce;Tashas Halloumi Salad;Avocado;2;#
Fresh Produce;Tashas Halloumi Salad;Red Onion;0,5;#
Pantry;Tashas Halloumi Salad;Pistachio Nuts;50;g
Pantry;Tashas Halloumi Salad;Cranberries;50;g
Pantry;Tashas Halloumi Salad;Croutons;180;g
Pantry;Fat Bomb Balls;Sunflower Seeds;50;g
Fresh Produce;Fat Bomb Balls;Pumpkin Seeds;25;g
Pantry;Fat Bomb Balls;Dessicated Coconut;;
Pantry;Fat Bomb Balls;Hemp Seeds;30;g
Pantry;Fat Bomb Balls;Tahini;60;ml
Fridge;Fat Bomb Balls;Peanut Butter;120;ml
Pantry;Fat Bomb Balls;Coconut Oil;5;ml
Pantry;Fat Bomb Balls;Cinnamon;2,5;ml
Pantry;Fat Bomb Balls;Dates;6;#
Pantry;Greenland Quesadillas;Pistachio Nuts;50;g
Fresh Produce;Greenland Quesadillas;Avocado;2;#
Pantry;Greenland Quesadillas;Feta;100;g
Bread & Bakery;Greenland Quesadillas;Tortillas;4;#
Fridge;Greenland Quesadillas;Mozzarella;100;g
Fresh Produce;Greenland Quesadillas;Baby Spinach;200;g
Fresh Produce;Greenland Quesadillas;Wild Rocket;20;g
Herbs & Spices;Greenland Quesadillas;Basil Pesto;0,25;#
Pantry;Greenland Quesadillas;Mayonnaise;20;ml
Fridge;Greenland Quesadillas;Plain Yoghurt;20;ml
Pantry;Vegan Macaroni Cheese;Cashews;50;g
Fresh Produce;Vegan Macaroni Cheese;Pumpkin;800;g
Fresh Produce;Vegan Macaroni Cheese;Cauliflower;300;g
Pantry;Vegan Macaroni Cheese;Nutritional Yeast;10;ml
Pantry;Vegan Macaroni Cheese;Miso Paste;15;ml
Pantry;Vegan Macaroni Cheese;Mustard (Dijon);10;ml
Fresh Produce;Vegan Macaroni Cheese;Garlic;3;#
Herbs & Spices;Vegan Macaroni Cheese;Salt;15;ml
Pantry;Vegan Macaroni Cheese;Jalapeño;15;g
Bread & Bakery;Vegan Macaroni Cheese;Pasta (Macaroni);150;g
Fridge;Banana Bread;Butter;15;g
Pantry;Banana Bread;Sugar (Coconut);10;ml
Fresh Produce;Banana Bread;Banana;2;#
Fridge;Banana Bread;Eggs;2;#
Pantry;Banana Bread;Bicarbonate Of Soda;5;ml
Drinks;Banana Bread;Water;250;ml
Fridge;Banana Bread;Almond Milk;150;ml
Pantry;Banana Bread;Baking Powder;5;ml
Bread & Bakery;Banana Bread;Brown Rice Flour;240;g
Herbs & Spices;Banana Bread;Salt;15;ml
Bread & Bakery;Prawn Linguine;Paste (Linguine);320;g
Freezer;Prawn Linguine;Peas (Frozen);250;ml
Pantry;Prawn Linguine;Olive Oil;45;ml
Fresh Produce;Prawn Linguine;Garlic;3;#
Herbs & Spices;Prawn Linguine;Chilli Flakes;5;ml
Fresh Produce;Prawn Linguine;Cooked Prawns;350;g
Fridge;Prawn Linguine;Cream (Double Thick);120;ml
Fresh Produce;Prawn Linguine;Wild Rocket;20;g
Fresh Produce;Prawn Linguine;Lemons;1;#
Herbs & Spices;Prawn Linguine;Salt;15;ml
Herbs & Spices;Prawn Linguine;Pepper;7,5;ml
Fresh Produce;Greek Salad;Lettuce Packet;;
Fresh Produce;Greek Salad;Cucumber;0,5;#
Fresh Produce;Greek Salad;Cherry Tomatoes;250;g
Fresh Produce;Greek Salad;Avocado;2;#
Pantry;Greek Salad;Feta;100;g
Pantry;Greek Salad;Olive Oil;45;ml
Pantry;Greek Salad;Balsamic Vinegar;15;ml
Herbs & Spices;Greek Salad;Salt;15;ml
Herbs & Spices;Greek Salad;Pepper;7,5;ml
Fresh Produce;Greek Salad;Garlic;3;#
Pantry;Greek Salad;Olives;20;g
Pantry;Smoky Tomato & Halloumi Bake;Olive Oil;45;ml
Fresh Produce;Smoky Tomato & Halloumi Bake;Garlic;3;#
Herbs & Spices;Smoky Tomato & Halloumi Bake;Smoked Paprika;5;ml
Herbs & Spices;Smoky Tomato & Halloumi Bake;Chilli Flakes;5;ml
Herbs & Spices;Smoky Tomato & Halloumi Bake;Oregano (Dried);2,5;ml
Fresh Produce;Smoky Tomato & Halloumi Bake;Diced Tomatoes;100;g
Pantry;Smoky Tomato & Halloumi Bake;Red Wine Vinegar;15;ml
Fresh Produce;Smoky Tomato & Halloumi Bake;Chickpeas;400;g
Fresh Produce;Smoky Tomato & Halloumi Bake;Baby Spinach;200;g
Fridge;Smoky Tomato & Halloumi Bake;Halloumi;320;g
Bread & Bakery;Smoky Tomato & Halloumi Bake;Couscous;270;g
Fresh Produce;Winter White Cheese Board;Grapes (White;;
Pantry;Winter White Cheese Board;Seedless);500;g
Pantry;Winter White Cheese Board;Olives (Green/Queen);20;g
Fresh Produce;Winter White Cheese Board;Apple;1;#
Pantry;Winter White Cheese Board;Brie;125;g
Bread & Bakery;Winter White Cheese Board;French Bread;1;#
Herbs & Spices;Winter White Cheese Board;Rosemary (Fresh);5;g
Herbs & Spices;Winter White Cheese Board;Cashews (Salted);50;g
Fridge;Winter White Cheese Board;White Rock Cheese (Fig);100;g
Pantry;Winter White Cheese Board;Honey;30;ml
Herbs & Spices;Winter White Cheese Board;Rosemary Crackers;1;#
Freezer;Prawn, Chilli and Creme Fraiche Pasta;Uncooked Frozen Prawns;500;g
Fridge;Prawn, Chilli and Creme Fraiche Pasta;Butter;15;g
Fresh Produce;Prawn, Chilli and Creme Fraiche Pasta;Garlic;3;#
Fresh Produce;Prawn, Chilli and Creme Fraiche Pasta;Brown Onion;0,5;#
Fresh Produce;Prawn, Chilli and Creme Fraiche Pasta;Lemons;1;#
Herbs & Spices;Prawn, Chilli and Creme Fraiche Pasta;Salt;15;ml
Herbs & Spices;Prawn, Chilli and Creme Fraiche Pasta;Red Chilli;3;#
Pantry;Prawn, Chilli and Creme Fraiche Pasta;Crème Fraîche;125;g
Bread & Bakery;Prawn, Chilli and Creme Fraiche Pasta;Pasta (Tagliatelle);150;g
Herbs & Spices;Prawn, Chilli and Creme Fraiche Pasta;Parsley;30;g
Fresh Produce;Prawn, Chilli and Creme Fraiche Pasta;Diced Tomatoes;100;g
Fridge;Prawn, Chilli and Creme Fraiche Pasta;Parmesan;20;g
Pantry;Mexican Stuffed Sweet Potatoes;Sweet Potatoes;500;g
Fresh Produce;Mexican Stuffed Sweet Potatoes;Black Beans;400;g
Fridge;Mexican Stuffed Sweet Potatoes;Sour Cream;125;ml
Herbs & Spices;Mexican Stuffed Sweet Potatoes;Chilli Powder;1,25;ml
Pantry;Mexican Stuffed Sweet Potatoes;Salsa;100;g
Fresh Produce;Mexican Stuffed Sweet Potatoes;Avocado;2;#
Fresh Produce;Mexican Stuffed Sweet Potatoes;Limes;2;#
Herbs & Spices;Mexican Stuffed Sweet Potatoes;Garlic Powder;1,25;ml
Herbs & Spices;Mexican Stuffed Sweet Potatoes;Salt;15;ml
Herbs & Spices;Mexican Stuffed Sweet Potatoes;Coriander;20;g
Fresh Produce;Mexican Stuffed Sweet Potatoes;Red Onion;0,5;#
Fresh Produce;Mexican Stuffed Sweet Potatoes;Cherry Tomatoes;250;g
Bread & Bakery;Vegan Mediterranean Pasta;Pasta (Penne);150;g
Pantry;Vegan Mediterranean Pasta;Artichokes;390;g
Pantry;Vegan Mediterranean Pasta;Olives;20;g
Fresh Produce;Vegan Mediterranean Pasta;Baby Spinach;200;g
Fresh Produce;Vegan Mediterranean Pasta;Cherry Tomatoes;250;g
Fresh Produce;Vegan Mediterranean Pasta;Zucchini;3;#
Herbs & Spices;Vegan Mediterranean Pasta;Oregano (Dried);2,5;ml
Herbs & Spices;Vegan Mediterranean Pasta;Garlic Powder;1,25;ml
Fresh Produce;Vegan Mediterranean Pasta;Avocado Oil;5;ml
Pantry;Vegan Mediterranean Pasta;Red Wine Vinegar;15;ml
Herbs & Spices;Vegan Mediterranean Pasta;Salt;15;ml
Herbs & Spices;Vegan Mediterranean Pasta;Pepper;7,5;ml
Bread & Bakery;Pesto Couscous Salad;Couscous;270;g
Freezer;Pesto Couscous Salad;Peas (Frozen);250;ml
Fresh Produce;Pesto Couscous Salad;Zucchini;3;#
Pantry;Pesto Couscous Salad;Feta;100;g
Herbs & Spices;Pesto Couscous Salad;Basil;30;g
Pantry;Pesto Couscous Salad;Hemp Seeds;30;g
Herbs & Spices;Pesto Couscous Salad;Basil Pesto;0,25;#
Herbs & Spices;Pesto Couscous Salad;Mint;10;g
Pantry;Pesto Couscous Salad;Olive Oil;45;ml
Fresh Produce;Pesto Couscous Salad;Lemons;1;#
Herbs & Spices;Pesto Couscous Salad;Salt;15;ml
Herbs & Spices;Pesto Couscous Salad;Pepper;7,5;ml
Cleaning & Household;Cleaning Restock;Dishwasher Pills;;
Cleaning & Household;Cleaning Restock;Dishwashing Liquid;1;#
Cleaning & Household;Cleaning Restock;Vanish Powder;1;#
Cleaning & Household;Cleaning Restock;Vanish Liquid;1;#
Cleaning & Household;Cleaning Restock;Surface Cleaner;1;#
Cleaning & Household;Cleaning Restock;Toilet Cleaner;1;#
Cleaning & Household;Cleaning Restock;Oven Cleaner;1;#
Cleaning & Household;Cleaning Restock;Scourers;2;#
Cleaning & Household;Cleaning Restock;Washing Powder;2;#
Cleaning & Household;Cleaning Restock;Bin Bags;20;#
Cleaning & Household;Cleaning Restock;Recycling Bags;20;#
Pantry;Cleaning Restock;Toilet Paper;9;#
Pantry;One Pan Spinach and Artichoke Orzo Bake;Olive Oil;45;ml
Fresh Produce;One Pan Spinach and Artichoke Orzo Bake;Garlic;3;#
Fresh Produce;One Pan Spinach and Artichoke Orzo Bake;White Onion;1;#
Herbs & Spices;One Pan Spinach and Artichoke Orzo Bake;Basil;30;g
Herbs & Spices;One Pan Spinach and Artichoke Orzo Bake;Paprika;2,5;ml
Herbs & Spices;One Pan Spinach and Artichoke Orzo Bake;Chilli Flakes;5;ml
Herbs & Spices;One Pan Spinach and Artichoke Orzo Bake;Salt;15;ml
Herbs & Spices;One Pan Spinach and Artichoke Orzo Bake;Pepper;7,5;ml
Bread & Bakery;One Pan Spinach and Artichoke Orzo Bake;Orzo;450;g
Pantry;One Pan Spinach and Artichoke Orzo Bake;Artichokes;390;g
Herbs & Spices;One Pan Spinach and Artichoke Orzo Bake;Basil Pesto;0,25;#
Fresh Produce;One Pan Spinach and Artichoke Orzo Bake;Baby Spinach;200;g
Fridge;One Pan Spinach and Artichoke Orzo Bake;Mozzarella;100;g
Pantry;Orzo with prawns, tomato and marinated feta;Feta;100;g
Herbs & Spices;Orzo with prawns, tomato and marinated feta;Chilli Flakes;5;ml
Fresh Produce;Orzo with prawns, tomato and marinated feta;Fennel Seeds;10;ml
Pantry;Orzo with prawns, tomato and marinated feta;Olive Oil;45;ml
Bread & Bakery;Orzo with prawns, tomato and marinated feta;Orzo;450;g
Herbs & Spices;Orzo with prawns, tomato and marinated feta;Salt;15;ml
Herbs & Spices;Orzo with prawns, tomato and marinated feta;Pepper;7,5;ml
Fresh Produce;Orzo with prawns, tomato and marinated feta;Garlic;3;#
Pantry;Orzo with prawns, tomato and marinated feta;Orange Peels;1;#
Fresh Produce;Orzo with prawns, tomato and marinated feta;Diced Tomatoes;100;g
Pantry;Orzo with prawns, tomato and marinated feta;Vegetable Stock;250;ml
Freezer;Orzo with prawns, tomato and marinated feta;Raw Shelled Prawns;400;g
Herbs & Spices;Orzo with prawns, tomato and marinated feta;Basil;30;g
Pantry;Puttanesca Baked Fish;Capers;7,5;g
Pantry;Puttanesca Baked Fish;Anchovy Fillets;6;#
Fresh Produce;Puttanesca Baked Fish;Garlic;3;#
Pantry;Puttanesca Baked Fish;Olives;20;g
Herbs & Spices;Puttanesca Baked Fish;Red Chilli;3;#
Pantry;Puttanesca Baked Fish;Olive Oil;45;ml
Fresh Produce;Puttanesca Baked Fish;Tomato Paste;45;ml
Fresh Produce;Puttanesca Baked Fish;Hake;250;g
Fridge;Puttanesca Baked Fish;Parmesan;20;g
Pantry;Puttanesca Baked Fish;Whole Unpeeled Cherry Tomatoes (Tinned);800;g
Herbs & Spices;Puttanesca Baked Fish;Basil;30;g
Fresh Produce;Puttanesca Baked Fish;Exotic Tomatoes;100;g
Fresh Produce;Puttanesca Baked Fish;Pickled Red Onion;45;g
Fridge;Thai Steamed Fish Pocket;Coconut Milk;125;ml
Fresh Produce;Thai Steamed Fish Pocket;Limes;2;#
Pantry;Thai Steamed Fish Pocket;Fish Sauce;30;ml
Herbs & Spices;Thai Steamed Fish Pocket;Red Chilli;3;#
Fresh Produce;Thai Steamed Fish Pocket;Garlic;3;#
Herbs & Spices;Thai Steamed Fish Pocket;Red Curry Paste;20;g
Fresh Produce;Thai Steamed Fish Pocket;Spring Onions;2;#
Herbs & Spices;Thai Steamed Fish Pocket;Coriander;20;g
Bread & Bakery;Thai Steamed Fish Pocket;Couscous;270;g
Fresh Produce;Thai Steamed Fish Pocket;Hake;250;g
Fresh Produce;Thai Steamed Fish Pocket;Tenderstem Brocolli;230;g
Cleaning & Household;Thai Steamed Fish Pocket;Aluminium Foil;1;#
Cleaning & Household;Thai Steamed Fish Pocket;Baking Paper;1;#
Pantry;Cashew Pesto Pasta;Cashews;50;g
Fresh Produce;Cashew Pesto Pasta;Avocado;2;#
Fresh Produce;Cashew Pesto Pasta;Lemons;1;#
Herbs & Spices;Cashew Pesto Pasta;Basil;30;g
Pantry;Cashew Pesto Pasta;Olive Oil;45;ml
Pantry;Cashew Pesto Pasta;Nutritional Yeast;10;ml
Fresh Produce;Cashew Pesto Pasta;Garlic;3;#
Herbs & Spices;Cashew Pesto Pasta;Salt;15;ml
Bread & Bakery;Cashew Pesto Pasta;Pasta (Tagliatelle);150;g
Fridge;Cashew Pesto Pasta;Parmesan;20;g
Fresh Produce;Cashew Pesto Pasta;Wild Rocket;20;g
Fresh Produce;Cashew Pesto Pasta;Roasted Cherry Tomatoes;45;g
Drinks;Cashew Pesto Pasta;Water;250;ml
Pantry;Caprese Pesto Tarts;Olive Oil;45;ml
Fresh Produce;Caprese Pesto Tarts;Cherry Tomatoes;250;g
Herbs & Spices;Caprese Pesto Tarts;Thyme (Fresh);5;g
Herbs & Spices;Caprese Pesto Tarts;Oregano (Dried);2,5;ml
Fresh Produce;Caprese Pesto Tarts;Garlic;3;#
Herbs & Spices;Caprese Pesto Tarts;Chilli Flakes;5;ml
Herbs & Spices;Caprese Pesto Tarts;Salt;15;ml
Herbs & Spices;Caprese Pesto Tarts;Pepper;7,5;ml
Fridge;Caprese Pesto Tarts;Cheddar (Mature);100;g
Bread & Bakery;Caprese Pesto Tarts;Puff Pastry;400;g
Herbs & Spices;Caprese Pesto Tarts;Basil Pesto;0,25;#
Fridge;Caprese Pesto Tarts;Burrata Cheese;125;g
Herbs & Spices;Caprese Pesto Tarts;Basil;30;g
Pantry;Spaghetti & Mushroom Bolognase;Olive Oil;45;ml
Fresh Produce;Spaghetti & Mushroom Bolognase;White Onion;1;#
Fresh Produce;Spaghetti & Mushroom Bolognase;Garlic;3;#
Herbs & Spices;Spaghetti & Mushroom Bolognase;Red Chilli;3;#
Pantry;Spaghetti & Mushroom Bolognase;Mushrooms (Large);125;g
Fresh Produce;Spaghetti & Mushroom Bolognase;Carrot;83;ml
Pantry;Spaghetti & Mushroom Bolognase;Passata;400;g
Pantry;Spaghetti & Mushroom Bolognase;Vegetable Stock;250;ml
Pantry;Spaghetti & Mushroom Bolognase;Nutritional Yeast;10;ml
Herbs & Spices;Spaghetti & Mushroom Bolognase;Oregano (Dried);2,5;ml
Herbs & Spices;Spaghetti & Mushroom Bolognase;Paprika;2,5;ml
Herbs & Spices;Spaghetti & Mushroom Bolognase;Coriander (Ground);20;g
Bread & Bakery;Spaghetti & Mushroom Bolognase;Pasta (Tagliatelle);150;g
Fridge;Spaghetti & Mushroom Bolognase;Parmesan;20;g
Fresh Produce;Green haloumi salad with toasted almonds and dairy free pesto;Baby Butter Lettuce;;
Fresh Produce;Green haloumi salad with toasted almonds and dairy free pesto;Fresh Fennel;100;g
Fresh Produce;Green haloumi salad with toasted almonds and dairy free pesto;Cucumber;0,5;#
Fresh Produce;Green haloumi salad with toasted almonds and dairy free pesto;Avocado;2;#
Pantry;Green haloumi salad with toasted almonds and dairy free pesto;Almonds (Raw);100;g
Fridge;Green haloumi salad with toasted almonds and dairy free pesto;Halloumi;320;g
Herbs & Spices;Green haloumi salad with toasted almonds and dairy free pesto;Basil;30;g
Herbs & Spices;Green haloumi salad with toasted almonds and dairy free pesto;Dill (Fresh);20;g
Herbs & Spices;Green haloumi salad with toasted almonds and dairy free pesto;Salt;15;ml
Herbs & Spices;Green haloumi salad with toasted almonds and dairy free pesto;Pepper;7,5;ml
Fresh Produce;Green haloumi salad with toasted almonds and dairy free pesto;Lemons;1;#
Pantry;Green haloumi salad with toasted almonds and dairy free pesto;Olive Oil;45;ml
Fresh Produce;Green haloumi salad with toasted almonds and dairy free pesto;Wild Rocket;20;g
Fresh Produce;Steak & Chimichurri Bean Salad;Chickpeas;400;g
Fresh Produce;Steak & Chimichurri Bean Salad;Cannellini Beans;400;g
Fridge;Steak & Chimichurri Bean Salad;Bocconcini Mozarella;150;g
Fresh Produce;Steak & Chimichurri Bean Salad;Cherry Tomatoes;250;g
Herbs & Spices;Steak & Chimichurri Bean Salad;Parsley (Flat;;g 30.00
Herbs & Spices;Steak & Chimichurri Bean Salad;Coriander;20;g
Fresh Produce;Steak & Chimichurri Bean Salad;Red Onion;0,5;#
Fresh Produce;Steak & Chimichurri Bean Salad;Garlic;3;#
Herbs & Spices;Steak & Chimichurri Bean Salad;Red Pepper;2;#
Fridge;Steak & Chimichurri Bean Salad;Beef Sirloin Steak;2;g
Herbs & Spices;Steak & Chimichurri Bean Salad;Salt;15;ml
Herbs & Spices;Steak & Chimichurri Bean Salad;Chilli Flakes;5;ml
Pantry;Steak & Chimichurri Bean Salad;Red Wine Vinegar;15;ml
Pantry;Steak & Chimichurri Bean Salad;Olive Oil;45;ml
Fresh Produce;Steak & Chimichurri Bean Salad;Lemon Juice;30;ml
Fresh Produce;Chimichurri Fish Tacos;Hake;250;g
Bread & Bakery;Chimichurri Fish Tacos;Tortillas;4;#
Fresh Produce;Chimichurri Fish Tacos;Cabbage;1;#
Fresh Produce;Chimichurri Fish Tacos;Avocado;2;#
Pantry;Chimichurri Fish Tacos;Mayonnaise;20;ml
Fresh Produce;Chimichurri Fish Tacos;Limes;2;#
Herbs & Spices;Chimichurri Fish Tacos;Coriander;20;g
Herbs & Spices;Chimichurri Fish Tacos;Parsley (Flat;;g 30.00
Herbs & Spices;Chimichurri Fish Tacos;Paprika;2,5;ml
Fresh Produce;Chimichurri Fish Tacos;Red Onion;0,5;#
Fresh Produce;Chimichurri Fish Tacos;Garlic;3;#
Pantry;Chimichurri Fish Tacos;Red Wine Vinegar;15;ml
Pantry;Chimichurri Fish Tacos;Olive Oil;45;ml
Herbs & Spices;Chimichurri Fish Tacos;Salt;15;ml
Herbs & Spices;Chimichurri Fish Tacos;Pepper;7,5;ml
Pantry;Asian Slaw with Sesame Ginger Dressing;Rainbow Slaw;1;g
Fresh Produce;Asian Slaw with Sesame Ginger Dressing;Carrot;83;ml
Fresh Produce;Asian Slaw with Sesame Ginger Dressing;Spring Onions;2;#
Herbs & Spices;Asian Slaw with Sesame Ginger Dressing;Coriander;20;g
Bread & Bakery;Asian Slaw with Sesame Ginger Dressing;Quinoa;100;g
Pantry;Asian Slaw with Sesame Ginger Dressing;Sesame Seeds;15;ml
Herbs & Spices;Asian Slaw with Sesame Ginger Dressing;Cashews (Salted);50;g
Bread & Bakery;Asian Slaw with Sesame Ginger Dressing;Rice Vinegar;62;ml
Pantry;Asian Slaw with Sesame Ginger Dressing;Maple Syrup;62,5;ml
Pantry;Asian Slaw with Sesame Ginger Dressing;Soy Sauce;30;ml
Fresh Produce;Asian Slaw with Sesame Ginger Dressing;Ginger (Fresh);20;g
Fresh Produce;Asian Slaw with Sesame Ginger Dressing;Garlic;3;#
Pantry;Asian Slaw with Sesame Ginger Dressing;Olive Oil;45;ml
Pantry;Asian Slaw with Sesame Ginger Dressing;Sesame Oil;15;ml
Herbs & Spices;Asian Slaw with Sesame Ginger Dressing;Salt;15;ml
Herbs & Spices;Asian Slaw with Sesame Ginger Dressing;Pepper;7,5;ml
Bread & Bakery;Fish Tacos (Natasha’s);Tortillas;4;#
Pantry;Fish Tacos (Natasha’s);Rainbow Slaw;1;g
Fresh Produce;Fish Tacos (Natasha’s);Cherry Tomatoes;250;g
Fresh Produce;Fish Tacos (Natasha’s);Avocado;2;#
Fresh Produce;Fish Tacos (Natasha’s);Red Onion;0,5;#
Herbs & Spices;Fish Tacos (Natasha’s);Coriander;20;g
Fridge;Fish Tacos (Natasha’s);Mozarella Cheese;200;g
Fresh Produce;Fish Tacos (Natasha’s);Limes;2;#
Fresh Produce;Fish Tacos (Natasha’s);Hake;250;g
Herbs & Spices;Fish Tacos (Natasha’s);Cumin (Ground);2,5;ml
Herbs & Spices;Fish Tacos (Natasha’s);Paprika;2,5;ml
Pantry;Fish Tacos (Natasha’s);Olive Oil;45;ml
Fridge;Fish Tacos (Natasha’s);Butter;15;g
Herbs & Spices;Fish Tacos (Natasha’s);Salt;15;ml
Herbs & Spices;Fish Tacos (Natasha’s);Pepper;7,5;ml
Fridge;Fish Tacos (Natasha’s);Sour Cream;125;ml
Pantry;Fish Tacos (Natasha’s);Sriracha Mayo;75;#
Herbs & Spices;Spicy Sesame Carrot Soup with Red Lentils;Cumin (Ground);2,5;ml
Herbs & Spices;Spicy Sesame Carrot Soup with Red Lentils;Coriander (Ground);20;g
Pantry;Spicy Sesame Carrot Soup with Red Lentils;Olive Oil;45;ml
Fresh Produce;Spicy Sesame Carrot Soup with Red Lentils;White Onion;1;#
Herbs & Spices;Spicy Sesame Carrot Soup with Red Lentils;Chilli Flakes;5;ml
Fresh Produce;Spicy Sesame Carrot Soup with Red Lentils;Garlic;3;#
Fresh Produce;Spicy Sesame Carrot Soup with Red Lentils;Ginger (Fresh);20;g
Fresh Produce;Spicy Sesame Carrot Soup with Red Lentils;Carrot;83;ml
Herbs & Spices;Spicy Sesame Carrot Soup with Red Lentils;Salt;15;ml
Herbs & Spices;Spicy Sesame Carrot Soup with Red Lentils;Pepper;7,5;ml
Pantry;Spicy Sesame Carrot Soup with Red Lentils;Red Lentils;100;g
Pantry;Spicy Sesame Carrot Soup with Red Lentils;Vegetable Stock;250;ml
Pantry;Spicy Sesame Carrot Soup with Red Lentils;Tahini;60;ml
Pantry;Spicy Sesame Carrot Soup with Red Lentils;Sesame Oil;15;ml
Pantry;Spicy Sesame Carrot Soup with Red Lentils;Soy Sauce;30;ml
Fresh Produce;Spicy Sesame Carrot Soup with Red Lentils;Lemon Juice;30;ml
Pantry;Spicy Sesame Carrot Soup with Red Lentils;Sesame Seeds;15;ml
Fridge;Palak Paneer (Halloumi);Halloumi;320;g
Herbs & Spices;Palak Paneer (Halloumi);Curry Powder;15;ml
Pantry;Palak Paneer (Halloumi);Soy Sauce;30;ml
Herbs & Spices;Palak Paneer (Halloumi);Salt;15;ml
Pantry;Palak Paneer (Halloumi);Nutritional Yeast;10;ml
Fresh Produce;Palak Paneer (Halloumi);Baby Spinach;200;g
Pantry;Palak Paneer (Halloumi);Coconut Oil;5;ml
Herbs & Spices;Palak Paneer (Halloumi);Cumin (Ground);2,5;ml
Fresh Produce;Palak Paneer (Halloumi);Ginger (Fresh);20;g
Fresh Produce;Palak Paneer (Halloumi);White Onion;1;#
Pantry;Palak Paneer (Halloumi);Jalapeño;15;g
Fresh Produce;Palak Paneer (Halloumi);Diced Tomatoes;100;g
Fresh Produce;Palak Paneer (Halloumi);Garlic;3;#
Pantry;Palak Paneer (Halloumi);Vegetable Stock;250;ml
Fridge;Palak Paneer (Halloumi);Coconut Milk;125;ml
Bread & Bakery;Palak Paneer (Halloumi);Rice;200;g
Bread & Bakery;Palak Paneer (Halloumi);Naan Bread;2;#
Pantry;Crunchy Mexican Salad;Sweetcorn (Tinned);350;g
Pantry;Crunchy Mexican Salad;Olive Oil;45;ml
Herbs & Spices;Crunchy Mexican Salad;Cumin (Ground);2,5;ml
Pantry;Crunchy Mexican Salad;Sunflower Seeds;50;g
Herbs & Spices;Crunchy Mexican Salad;Paprika;2,5;ml
Fresh Produce;Crunchy Mexican Salad;Lettuce;1;#
Fresh Produce;Crunchy Mexican Salad;Avocado;2;#
Fresh Produce;Crunchy Mexican Salad;Cherry Tomatoes;250;g
Herbs & Spices;Crunchy Mexican Salad;Coriander;20;g
Bread & Bakery;Crunchy Mexican Salad;Tortilla Chips;50;g
Herbs & Spices;Crunchy Mexican Salad;Salt;15;ml
Pantry;Crunchy Mexican Salad;Cashews;50;g
Fridge;Crunchy Mexican Salad;Almond Milk;150;ml
Fresh Produce;Crunchy Mexican Salad;Limes;2;#
Herbs & Spices;Crunchy Mexican Salad;Coriander;20;g
Fresh Produce;Crunchy Mexican Salad;Garlic;3;#
Fresh Produce;Crunchy Mexican Salad;Black Beans;400;g
Fresh Produce;Green Quinoa Risotto;White Onion;1;#
Fresh Produce;Green Quinoa Risotto;Garlic;3;#
Pantry;Green Quinoa Risotto;Olive Oil;45;ml
Bread & Bakery;Green Quinoa Risotto;Quinoa;100;g
Pantry;Green Quinoa Risotto;Vegetable Stock;250;ml
Drinks;Green Quinoa Risotto;Water;250;ml
Fresh Produce;Green Quinoa Risotto;Asparagus;150;g
Fresh Produce;Green Quinoa Risotto;Zucchini;3;#
Freezer;Green Quinoa Risotto;Peas (Frozen);250;ml
Fresh Produce;Green Quinoa Risotto;Lemons;1;#
Pantry;Green Quinoa Risotto;Mustard (Dijon);10;ml
Fridge;Green Quinoa Risotto;Almond Milk;150;ml
Pantry;Green Quinoa Risotto;Nutritional Yeast;10;ml
Fresh Produce;Green Quinoa Risotto;Wild Rocket;20;g
Herbs & Spices;Green Quinoa Risotto;Salt;15;ml
Herbs & Spices;Green Quinoa Risotto;Pepper;7,5;ml
Fridge;Green Quinoa Risotto;Parmesan;20;g
Bread & Bakery;Green Vegan Salad;Quinoa;100;g
Fresh Produce;Green Vegan Salad;Tenderstem Brocolli;230;g
Fresh Produce;Green Vegan Salad;Asparagus;150;g
Fresh Produce;Green Vegan Salad;Zucchini;3;#
Freezer;Green Vegan Salad;Peas (Frozen);250;ml
Fresh Produce;Green Vegan Salad;Baby Butter Lettuce;;
Pantry;Green Vegan Salad;Almonds (Raw);100;g
Fresh Produce;Green Vegan Salad;Avocado;2;#
Fresh Produce;Green Vegan Salad;Spring Onions;2;#
Pantry;Green Vegan Salad;Olive Oil;45;ml
Fresh Produce;Green Vegan Salad;Lemons;1;#
Herbs & Spices;Green Vegan Salad;Basil;30;g
Herbs & Spices;Green Vegan Salad;Mint;10;g
Fresh Produce;Green Vegan Salad;Garlic;3;#
Herbs & Spices;Green Vegan Salad;Salt;15;ml
Herbs & Spices;Green Vegan Salad;Pepper;7,5;ml
Pantry;Ginger Sweet Potato & Coconut Milk Stew;Coconut Oil;5;ml
Fresh Produce;Ginger Sweet Potato & Coconut Milk Stew;White Onion;1;#
Herbs & Spices;Ginger Sweet Potato & Coconut Milk Stew;Chilli Flakes;5;ml
Herbs & Spices;Ginger Sweet Potato & Coconut Milk Stew;Coriander (Ground);20;g
Herbs & Spices;Ginger Sweet Potato & Coconut Milk Stew;Cumin (Ground);2,5;ml
Herbs & Spices;Ginger Sweet Potato & Coconut Milk Stew;Turmeric (Ground);1,25;ml
Fresh Produce;Ginger Sweet Potato & Coconut Milk Stew;Ginger (Fresh);20;g
Fresh Produce;Ginger Sweet Potato & Coconut Milk Stew;Garlic;3;#
Herbs & Spices;Ginger Sweet Potato & Coconut Milk Stew;Salt;15;ml
Herbs & Spices;Ginger Sweet Potato & Coconut Milk Stew;Pepper;7,5;ml
Pantry;Ginger Sweet Potato & Coconut Milk Stew;Sweet Potatoes;500;g
Pantry;Ginger Sweet Potato & Coconut Milk Stew;Brown Lentils;100;g
Pantry;Ginger Sweet Potato & Coconut Milk Stew;Vegetable Stock;250;ml
Fridge;Ginger Sweet Potato & Coconut Milk Stew;Coconut Milk;125;ml
Fresh Produce;Ginger Sweet Potato & Coconut Milk Stew;Kale;100;g
Herbs & Spices;Ginger Sweet Potato & Coconut Milk Stew;Coriander;20;g
Fresh Produce;Ginger Sweet Potato & Coconut Milk Stew;Limes;2;#
Pantry;Spinach and Feta Pie with an Oat Crust;Oat Flour;180;ml
Pantry;Spinach and Feta Pie with an Oat Crust;Almond Flour;250;ml
Pantry;Spinach and Feta Pie with an Oat Crust;Corn Starch;45;ml
Herbs & Spices;Spinach and Feta Pie with an Oat Crust;Salt;15;ml
Pantry;Spinach and Feta Pie with an Oat Crust;Coconut Oil;5;ml
Drinks;Spinach and Feta Pie with an Oat Crust;Water;250;ml
Fridge;Spinach and Feta Pie with an Oat Crust;Eggs;2;#
Pantry;Spinach and Feta Pie with an Oat Crust;Feta;100;g
Herbs & Spices;Spinach and Feta Pie with an Oat Crust;Oregano (Dried);2,5;ml
Herbs & Spices;Spinach and Feta Pie with an Oat Crust;Chilli Flakes;5;ml
Pantry;Spinach and Feta Pie with an Oat Crust;Olive Oil;45;ml
Fresh Produce;Spinach and Feta Pie with an Oat Crust;Spring Onions;2;#
Fresh Produce;Spinach and Feta Pie with an Oat Crust;Garlic;3;#
Fresh Produce;Spinach and Feta Pie with an Oat Crust;Baby Spinach;200;g
Fresh Produce;Spinach and Feta Pie with an Oat Crust;Red Onion;0,5;#
Herbs & Spices;Spinach and Feta Pie with an Oat Crust;Salt;15;ml
Herbs & Spices;Spinach and Feta Pie with an Oat Crust;Pepper;7,5;ml
Fresh Produce;Cheesy Brinjal Bake;Brinjal (Large);3;#
Pantry;Cheesy Brinjal Bake;Olive Oil;45;ml
Herbs & Spices;Cheesy Brinjal Bake;Salt;15;ml
Herbs & Spices;Cheesy Brinjal Bake;Pepper;7,5;ml
Fresh Produce;Cheesy Brinjal Bake;White Onion;1;#
Herbs & Spices;Cheesy Brinjal Bake;Cumin Seeds;2,5;ml
Herbs & Spices;Cheesy Brinjal Bake;Paprika;2,5;ml
Pantry;Cheesy Brinjal Bake;Cinnamon;2,5;ml
Herbs & Spices;Cheesy Brinjal Bake;Oregano (Dried);2,5;ml
Fresh Produce;Cheesy Brinjal Bake;Garlic;3;#
Herbs & Spices;Cheesy Brinjal Bake;Red Chilli;3;#
Fresh Produce;Cheesy Brinjal Bake;Tomato Paste;45;ml
Fresh Produce;Cheesy Brinjal Bake;Diced Tomatoes;100;g
Pantry;Cheesy Brinjal Bake;Sugar (Brown);10;ml
Pantry;Cheesy Brinjal Bake;Feta;100;g
Fridge;Cheesy Brinjal Bake;Mozzarella;100;g
Herbs & Spices;Cheesy Brinjal Bake;Basil Pesto;0,25;#
Herbs & Spices;Cheesy Brinjal Bake;Basil;30;g
Fresh Produce;Roasted Butternut Squash and Chickpea Curry;Butternut;1000;g
Pantry;Roasted Butternut Squash and Chickpea Curry;Coconut Oil;5;ml
Fresh Produce;Roasted Butternut Squash and Chickpea Curry;Red Onion;0,5;#
Fresh Produce;Roasted Butternut Squash and Chickpea Curry;Garlic;3;#
Fresh Produce;Roasted Butternut Squash and Chickpea Curry;Ginger (Fresh);20;g
Herbs & Spices;Roasted Butternut Squash and Chickpea Curry;Curry Powder;15;ml
Herbs & Spices;Roasted Butternut Squash and Chickpea Curry;Garam Masala;5;ml
Herbs & Spices;Roasted Butternut Squash and Chickpea Curry;Cumin (Ground);2,5;ml
Herbs & Spices;Roasted Butternut Squash and Chickpea Curry;Cumin Seeds;2,5;ml
Herbs & Spices;Roasted Butternut Squash and Chickpea Curry;Turmeric (Ground);1,25;ml
Herbs & Spices;Roasted Butternut Squash and Chickpea Curry;Chilli Powder;1,25;ml
Fresh Produce;Roasted Butternut Squash and Chickpea Curry;Diced Tomatoes;100;g
Fridge;Roasted Butternut Squash and Chickpea Curry;Coconut Milk;125;ml
Pantry;Roasted Butternut Squash and Chickpea Curry;Vegetable Stock;250;ml
Fresh Produce;Roasted Butternut Squash and Chickpea Curry;Chickpeas;400;g
Herbs & Spices;Roasted Butternut Squash and Chickpea Curry;Salt;15;ml
Herbs & Spices;Roasted Butternut Squash and Chickpea Curry;Pepper;7,5;ml
Herbs & Spices;Roasted Butternut Squash and Chickpea Curry;Coriander;20;g
Bread & Bakery;Roasted Butternut Squash and Chickpea Curry;Rice;200;g
Fresh Produce;Beach Bum Chili;Carrot;83;ml
Fresh Produce;Beach Bum Chili;Celery Stalks;2;#
Fresh Produce;Beach Bum Chili;Garlic;3;#
Herbs & Spices;Beach Bum Chili;Coriander;20;g
Pantry;Beach Bum Chili;Olive Oil;45;ml
Fresh Produce;Beach Bum Chili;White Onion;1;#
Herbs & Spices;Beach Bum Chili;Salt;15;ml
Pantry;Beach Bum Chili;Vegetable Stock;250;ml
Herbs & Spices;Beach Bum Chili;Chilli Powder;1,25;ml
Herbs & Spices;Beach Bum Chili;Cumin (Ground);2,5;ml
Herbs & Spices;Beach Bum Chili;Smoked Paprika;5;ml
Herbs & Spices;Beach Bum Chili;Oregano (Dried);2,5;ml
Fresh Produce;Beach Bum Chili;Diced Tomatoes;100;g
Fresh Produce;Beach Bum Chili;Black Beans;400;g
Fresh Produce;Beach Bum Chili;Red Kidney Beans;400;g
Herbs & Spices;Beach Bum Chili;Bay Leaves;4;#
Herbs & Spices;Beach Bum Chili;Red Pepper;2;#
Fresh Produce;Beach Bum Chili;Limes;2;#
Fresh Produce;Beach Bum Chili;Avocado;2;#
Bread & Bakery;Beach Bum Chili;Tortilla Chips;50;g
Pantry;Butter Chickpeas;Cashews;50;g
Drinks;Butter Chickpeas;Water;250;ml
Pantry;Butter Chickpeas;Maple Syrup;62,5;ml
Fresh Produce;Butter Chickpeas;Diced Tomatoes;100;g
Pantry;Butter Chickpeas;Coconut Oil;5;ml
Fresh Produce;Butter Chickpeas;White Onion;1;#
Herbs & Spices;Butter Chickpeas;Cumin (Ground);2,5;ml
Herbs & Spices;Butter Chickpeas;Coriander (Ground);20;g
Herbs & Spices;Butter Chickpeas;Paprika;2,5;ml
Pantry;Butter Chickpeas;Cardamom (Ground);1,25;ml
Pantry;Butter Chickpeas;Cinnamon;2,5;ml
Pantry;Butter Chickpeas;Nutmeg (Ground);1,25;ml
Herbs & Spices;Butter Chickpeas;Salt;15;ml
Herbs & Spices;Butter Chickpeas;Pepper;7,5;ml
Fresh Produce;Butter Chickpeas;Garlic;3;#
Fresh Produce;Butter Chickpeas;Chickpeas;400;g
Fresh Produce;Butter Chickpeas;Lemons;1;#
Herbs & Spices;Butter Chickpeas;Coriander;20;g
Bread & Bakery;Butter Chickpeas;Rice;200;g
Bread & Bakery;Butter Chickpeas;Naan Bread;2;#
Fresh Produce;Creamy Roasted Squash Dahl;Butternut;1000;g
Pantry;Creamy Roasted Squash Dahl;Cinnamon;2,5;ml
Herbs & Spices;Creamy Roasted Squash Dahl;Cumin (Ground);2,5;ml
Fresh Produce;Creamy Roasted Squash Dahl;Red Onion;0,5;#
Fresh Produce;Creamy Roasted Squash Dahl;Garlic;3;#
Herbs & Spices;Creamy Roasted Squash Dahl;Turmeric (Ground);1,25;ml
Fresh Produce;Creamy Roasted Squash Dahl;Ginger (Fresh);20;g
Herbs & Spices;Creamy Roasted Squash Dahl;Curry Powder;15;ml
Pantry;Creamy Roasted Squash Dahl;Red Lentils;100;g
Fridge;Creamy Roasted Squash Dahl;Coconut Milk;125;ml
Fridge;Creamy Roasted Squash Dahl;Milk;500;ml
Fresh Produce;Creamy Roasted Squash Dahl;Limes;2;#
Fresh Produce;Creamy Roasted Squash Dahl;Baby Spinach;200;g
Fridge;Creamy Roasted Squash Dahl;Plain Yoghurt;20;ml
Pantry;Creamy Roasted Squash Dahl;Olive Oil;45;ml
Herbs & Spices;Creamy Roasted Squash Dahl;Salt;15;ml
Herbs & Spices;Creamy Roasted Squash Dahl;Coriander;20;g
Pantry;Creamy Roasted Squash Dahl;Almonds (Raw);100;g
Pantry;Creamy Roasted Squash Dahl;Coconut Flakes;20;g
Fresh Produce;Creamy Roasted Squash Dahl;Spring Onions;2;#
Herbs & Spices;Creamy Roasted Squash Dahl;Red Chilli;3;#
Fresh Produce;Thai Green Curry;Garlic;3;#
Fresh Produce;Thai Green Curry;Red Onion;0,5;#
Fresh Produce;Thai Green Curry;Lemongrass Stalks;2;#
Herbs & Spices;Thai Green Curry;Green Chilli;1;#
Fresh Produce;Thai Green Curry;Ginger (Fresh);20;g
Fresh Produce;Thai Green Curry;Limes;2;#
Herbs & Spices;Thai Green Curry;Green Pepper;1;#
Fresh Produce;Thai Green Curry;Baby Spinach;200;g
Herbs & Spices;Thai Green Curry;Coriander;20;g
Herbs & Spices;Thai Green Curry;Basil;30;g
Herbs & Spices;Thai Green Curry;Coriander (Ground);20;g
Herbs & Spices;Thai Green Curry;Paprika;2,5;ml
Fridge;Thai Green Curry;Coconut Milk;125;ml
Herbs & Spices;Thai Green Curry;Salt;15;ml
Herbs & Spices;Thai Green Curry;Pepper;7,5;ml
Pantry;Thai Green Curry;Coconut Oil;5;ml
Pantry;Thai Green Curry;Soy Sauce;30;ml
Fresh Produce;Thai Green Curry;Broccoli (Head);1;#
Fresh Produce;Thai Green Curry;Zucchini;3;#
Herbs & Spices;Thai Green Curry;Green Pepper;1;#
Fresh Produce;Thai Green Curry;Mange Tout;125;g
Cleaning & Household;Weekly Essentials Restock;Aluminium Foil;1;#
Bread & Bakery;Weekly Essentials Restock;Plastic Wrap;1;#
Drinks;Weekly Essentials Restock;Soda Stream Cylinder (Model;60;
Drinks;Weekly Essentials Restock;Tea (Five Roses);1;#
Drinks;Weekly Essentials Restock;Coffee;1;#
Fridge;Weekly Essentials Restock;Milk;500;ml
Pantry;Weekly Essentials Restock;Carb Clever Cereal;500;g
Bread & Bakery;Weekly Essentials Restock;Oats;500;g
Bread & Bakery;Weekly Essentials Restock;Brown Bread;1;#
Bread & Bakery;Weekly Essentials Restock;Weetbix;900;#
Fridge;Weekly Essentials Restock;Peanut Butter;120;ml
Fresh Produce;Weekly Essentials Restock;Banana;2;#
Fresh Produce;Weekly Essentials Restock;Apple;1;#
Bread & Bakery;Weekly Essentials Restock;Popped Cracker Cakes;80;g
Fridge;Weekly Essentials Restock;Cream Cheese;250;g
Fridge;Weekly Essentials Restock;Cheese;;
Pantry;Weekly Essentials Restock;Pickles;;
Pantry;Weekly Essentials Restock;Olives;20;g
Pantry;Weekly Essentials Restock;Olive Oil;45;ml
Cleaning & Household;Weekly Essentials Restock;Air Fryer Liners;;
Pantry;Weekly Essentials Restock;Sugar;10;ml
Fridge;Weekly Essentials Restock;Yoghurt;1;l
Freezer;Weekly Essentials Restock;Frozen Berries;;
Fresh Produce;Weekly Essentials Restock;Cucumber;0,5;#
Fresh Produce;Weekly Essentials Restock;Banana;2;#
Pantry;Weekly Essentials Restock;Fruit;;
Cleaning & Household;Weekly Essentials Restock;Ziplock Bags;;
Pantry;Weekly Essentials Restock;Hot Sauce;;
Pantry;Weekly Essentials Restock;Mayo;;
Pantry;Weekly Essentials Restock;Tomato Sauce;;
Pantry;Weekly Essentials Restock;Chocolate;250;ml
Toiletries;Toiletries Restock;Face Wash;1;#
Toiletries;Toiletries Restock;Moisturiser (Face;;
Pantry;Toiletries Restock;Night);1;#
Toiletries;Toiletries Restock;Soap (Body);2;Epi-max B&J Body Wash 450ml - #
Toiletries;Toiletries Restock;Shampoo;2;#
Toiletries;Toiletries Restock;Conditioner;2;#
Toiletries;Toiletries Restock;Dry Shampoo;1;#
Toiletries;Toiletries Restock;Suncream (Face);1;#
Toiletries;Toiletries Restock;Suncream (Body);1;#
Toiletries;Toiletries Restock;Toothpaste;2;#
Toiletries;Toiletries Restock;Tooth Brush;1;#
Toiletries;Toiletries Restock;Moisturiser (Face;;
Pantry;Toiletries Restock;Tinted;;
Pantry;Toiletries Restock;Spf);1;#
Toiletries;Toiletries Restock;Perfume;1;#
Toiletries;Toiletries Restock;Deoderant (Female);2;#
Toiletries;Toiletries Restock;Deoderant (Male);2;#
Toiletries;Toiletries Restock;Ear Buds;10;#
Toiletries;Toiletries Restock;Cotton Pads;10;#
Toiletries;Toiletries Restock;Tampons;20;#
Toiletries;Toiletries Restock;Panty Liners;10;#
Toiletries;Toiletries Restock;Moisturiser (Body);1;#
Fridge;Toiletries Restock;Shaving Cream;1;#
Pantry;Toiletries Restock;Make;;# 1.00
Toiletries;Toiletries Restock;Contact Lense Solution;1;#
Toiletries;Toiletries Restock;Nail Polish Remover;1;#
Toiletries;Toiletries Restock;Dental Floss;1;#
Toiletries;Toiletries Restock;Hair Oil;1;#
Toiletries;Toiletries Restock;Vitamin C Serum;1;#
Toiletries;Toiletries Restock;Lip Ice;1;#
Baby / Kids;Woolies Baby Pouches;Woolies Baby Pouches;;
Pantry;Parent's Dinner Repeat;;;
Fridge;Veg Quiche (Spinach & Feta) Mini - Woolies;Veg Quiche (Spinach & Feta) Mini;;
Fridge;Quiche Lorraine (Minis);Quiche Lorraine (Minis);;
Fridge;Large Quiche;Large Quiche;;
Fresh Produce;Thai Coconut Shrimp Curry;Pound Shrimp;1;
Pantry;Thai Coconut Shrimp Curry;Low Sodium Soy Sauce;1;tsp
Herbs & Spices;Thai Coconut Shrimp Curry;Red Pepper Flakes;0,5;tsp
Herbs & Spices;Thai Coconut Shrimp Curry;Turmeric;0,5;tsp
Herbs & Spices;Thai Coconut Shrimp Curry;Garlic Powder;1;tsp
Herbs & Spices;Thai Coconut Shrimp Curry;White Pepper;0,25;tsp
Pantry;Thai Coconut Shrimp Curry;Vegetable Oil;1;tbsp
Herbs & Spices;Thai Coconut Shrimp Curry;Unsalted Butter;1;tbsp
Herbs & Spices;Thai Coconut Shrimp Curry;Bell Pepper;1;
Fresh Produce;Thai Coconut Shrimp Curry;Garlic Cloves;4;
Fresh Produce;Thai Coconut Shrimp Curry;Freshly Grated Ginger;1;tbsp
Fresh Produce;Thai Coconut Shrimp Curry;Shallot;1;
Fridge;Thai Coconut Shrimp Curry;Chicken Broth;250;ml
Herbs & Spices;Thai Coconut Shrimp Curry;Thai Red Curry Paste;3;tbsp
Pantry;Thai Coconut Shrimp Curry;Brown Sugar;2;tsp
Herbs & Spices;Thai Coconut Shrimp Curry;Turmeric;0,5;tsp
Herbs & Spices;Thai Coconut Shrimp Curry;Ground Cumin;0,5;tsp
Herbs & Spices;Thai Coconut Shrimp Curry;Ground Coriander;0,5;tsp
Herbs & Spices;Thai Coconut Shrimp Curry;White Pepper;0,25;tsp
Pantry;Thai Coconut Shrimp Curry;Low Sodium Soy Sauce;2;tbsp
Pantry;Thai Coconut Shrimp Curry;Fish Sauce;1;tbsp
Fridge;Thai Coconut Shrimp Curry;Unsweetened Coconut Milk;1;can
Pantry;Thai Coconut Shrimp Curry;Lime;0,5;
Pantry;Thai Coconut Shrimp Curry;Sriracha;1;tsp
Herbs & Spices;Thai Coconut Shrimp Curry;Basil;20;g
Fridge;Pasta parcels and sauce;Pasta Parcels;;
Fridge;Pasta parcels and sauce;Pasta Sauce;;
Fridge;Pasta parcels and sauce;Parmesan;20;g
Fresh Produce;Cucumber;Cucumber;0,5;#
Fridge;Hummus;Hummus;;
Pantry;Monster Pancakes;Baby Spinach;200;g
Fresh Produce;Monster Pancakes;Banana;2;#
Pantry;Monster Pancakes;Oats;375;g
Fridge;Monster Pancakes;Eggs;4;#
Fridge;Monster Pancakes;Milk;125;ml
Pantry;Monster Pancakes;Cinnamon;10;ml
Pantry;Monster Pancakes;Vanillla Essence;5;ml
Pantry;Monster Pancakes;Baking Powder;5;ml
Bread & Bakery;Ciabatta;Ciabatta;1;loaf
Drinks;Steak;Steak;;
Fresh Produce;ABC Muffins;Apple;1;#
Fresh Produce;ABC Muffins;Banana;3;#
Fresh Produce;ABC Muffins;Carrot;1;ml
Fridge;ABC Muffins;Milk;200;ml
Fridge;ABC Muffins;Butter;50;g
Fridge;ABC Muffins;Egg;1;#
Pantry;ABC Muffins;Vanillla Essence;5;ml
Pantry;ABC Muffins;Cake Flour;250;ml
Pantry;ABC Muffins;Oats;125;g
Pantry;ABC Muffins;Cinnamon;5;ml
Pantry;ABC Muffins;Baking Powder;5;ml
Pantry;ABC Muffins;Baking Soda;2,5;ml
Herbs & Spices;ABC Muffins;Salt;1;ml
Freezer;Mini Cheese & Tomato Pizza;Mini Cheese & Tomato Pizza;2;
Fridge;Yoghurt;Yoghurt;;
Pantry;Gerkins;Gerkins;4;
Fresh Produce;Woolies Rotisserie Chicken;Woolies Rotisserie Chicken;1;
Pantry;Jasmine Rice;Jasmine Rice;1;
Fresh Produce;Woolies Pre-Made Bakes;Woolies Pre-Made Bakes;1;
Fridge;Zuchinni Slice;Eggs;5;#
Fresh Produce;Zuchinni Slice;Zuchinni;3;
Fresh Produce;Zuchinni Slice;Carrot;1;ml
Fresh Produce;Zuchinni Slice;Onion;1;
Fridge;Zuchinni Slice;Cheese;250;ml
Pantry;Zuchinni Slice;Self Raising Flour;62,5;ml
Bread & Bakery;Carrot Cake Breakfast Bake;Oats;125;ml
Fresh Produce;Carrot Cake Breakfast Bake;Carrot;200;g
Fridge;Carrot Cake Breakfast Bake;Eggs;2;#
Pantry;Carrot Cake Breakfast Bake;Maple Syrup;1;Tbsp
Pantry;Carrot Cake Breakfast Bake;Baking Powder;1,25;ml
Pantry;Choc Biscuits;Flour;375;ml
Pantry;Choc Biscuits;Cocoa Powder;63;ml
Pantry;Choc Biscuits;Baking Powder;1,25;ml
Pantry;Choc Biscuits;Maple Syrup;73;ml
Fridge;Choc Biscuits;Butter;30;ml
Fridge;Choc Biscuits;Milk;30;ml
Pantry;Choc Biscuits;Vanilla Extract;15;ml
Fresh Produce;Watermelon;Watermelon;1;
Freezer;Frozen Strawberries;Frozen Strawberries;400;g
Fresh Produce;Peas & Corn;Peas;100;g
Fresh Produce;Peas & Corn;Corn;100;g
Fresh Produce;Green haloumi salad with toasted almonds and dairy free pesto;Rocket;;
Herbs & Spices;Green haloumi salad with toasted almonds and dairy free pesto;Basil;30;g
Fresh Produce;Green Vegan Salad;Rocket;;
Herbs & Spices;Green Vegan Salad;Basil;30;g
Freezer;Weekly Essentials Restock;Peas (Frozen);250;ml
Freezer;Weekly Essentials Restock;Corn (Frozen);;
Fresh Produce;Zuchinni Slice;Peas;125;ml
Fresh Produce;Zuchinni Slice;Corn;125;ml
Fresh Produce;Chickpea Pancakes;Banana;2;#
Fridge;Chickpea Pancakes;Eggs;2;#
Pantry;Chickpea Pancakes;Vanilla Essence;5;ml
Fridge;Chickpea Pancakes;Milk;500;ml
Pantry;Chickpea Pancakes;Chickpea flour;250;ml
Pantry;Chickpea Pancakes;Buckwheat flour;125;ml
Pantry;Chickpea Pancakes;Baking Powder;5;ml
Pantry;Chickpea Pancakes;Cinnamon;2,5;ml
Fresh Produce;Carrot Cake Energy Balls;Medjool Dates;250;ml
Fresh Produce;Carrot Cake Energy Balls;Carrot;83;ml
Pantry;Carrot Cake Energy Balls;Walnuts;250;ml
Pantry;Carrot Cake Energy Balls;Chia Seeds;15;ml
Pantry;Carrot Cake Energy Balls;Shredded Unsweetened Coconut;83;ml
Pantry;Carrot Cake Energy Balls;Cinnamon;2,5;ml
Pantry;Carrot Cake Energy Balls;Nutmeg (ground);1,25;ml
Pantry;Carrot Cake Energy Balls;Salt;1,25;ml
Pantry;Carrot Cake Energy Balls;Vanilla Essence;5;ml
Pantry;Carrot Cake Energy Balls;Shredded Unsweetened Coconut;125;ml
Pantry;Chickpea Crunch Bars;Chickpeas;400;g
Pantry;Chickpea Crunch Bars;Coconut Oil;5;ml
Pantry;Chickpea Crunch Bars;Chocolate (Lindy 78%);250;ml
Pantry;Chickpea Crunch Bars;Salt;2,5;ml
Fridge;Salted Caramel Almond Butter Bites;Almond Butter;167;ml
Fridge;Salted Caramel Almond Butter Bites;Coconut Milk;125;ml
Pantry;Salted Caramel Almond Butter Bites;Maple Syrup;62,5;ml
Pantry;Salted Caramel Almond Butter Bites;Vanilla Essence;5;ml
Pantry;Salted Caramel Almond Butter Bites;Chocolate (Lindt 78%);200;g
Pantry;Salted Caramel Almond Butter Bites;Salt;5;ml
Pantry;Pancakes;Self-raising flour;350;g
Pantry;Pancakes;Chia Seeds;15;ml
Fridge;Pancakes;Milk;400;ml
Pantry;Pancakes;Coconut Oil;30;ml
Pantry;Pancakes;Maple Syrup;30;ml
Pantry;Pancakes;Blueberries;50;g
Pantry;Vegan Nutella;Chickpeas;400;g
Fresh Produce;Vegan Nutella;Dates;6;#
Pantry;Vegan Nutella;Cocoa Powder;125;ml
Pantry;Vegan Nutella;Water;250;ml
Fresh Produce;Frozen Banana Snickers;Banana;4;#
Fridge;Frozen Banana Snickers;Peanut Butter;120;ml
Pantry;Frozen Banana Snickers;Peanuts;50;g
Pantry;Frozen Banana Snickers;Chocolate (Lindt 85%);100;g
Fresh Produce;Frozen Mango;Mango;2;#
Other;Baby Restock;Nappies - Pampers Premium Size 2;50;#
Other;Baby Restock;Wet wipes - Epi-max B&J Sensitive Wipes;10;#
Other;Baby Restock;Bum cream - Vaseline Petroleum Jelly 450ml Baby;2;#
Pantry;Baby Restock;Soap (baby) - Epi-max B&J Body Wash 450ml;2;#
Pantry;Baby Restock;Lotion (baby) - Epi-max B&J Lotion 450ml;2;#
Pantry;Baby Restock;Vi-Daylin Plus Iron;2;#
Pantry;Baby Restock;Baby Oil - Mustela Baby Oil 100ml;2;#
Other;Baby Restock;Bum Cream - Bepanthan 100g;1;#
Other;Baby Restock;Nappy Bin Liners;3;#
Other;Mike’s Clothing Refresh;Underwear;1;#
Pantry;Pancakes;All Purpose Flour;250;g
Pantry;Pancakes;Baking Powder;5;ml
Pantry;Pancakes;Water;250;ml
Fridge;Pancakes;Milk;250;ml
Pantry;Pancakes;Salt;2,5;ml
Fridge;Pancakes;Eggs;2;#
Pantry;Pancakes;Vanilla Essence;5;ml
Fridge;Pancakes;Butter;25;ml
Pantry;Pancakes;Lemons;1;#
Pantry;Pancakes;Cinnamon;10;ml
Pantry;Pancakes;Sugar (brown);10;ml
Fresh Produce;Vanilla Soft Serve Coconut Nice’Cream;Banana;3;#
Fridge;Vanilla Soft Serve Coconut Nice’Cream;Coconut Milk;250;ml
Pantry;Vanilla Soft Serve Coconut Nice’Cream;Vanilla Essence;5;ml
Fridge;Vanilla Soft Serve Coconut Nice’Cream;Ice-cream Cones;2;#
Other;Weekly Essentials;Aluminium Foil;1;#
Other;Weekly Essentials;Plastic Wrap;1;#
Other;Weekly Essentials;Soda Stream Cylinder (model 60);2;#
Pantry;Weekly Essentials;Tea (five roses);1;#
Pantry;Weekly Essentials;Coffee;1;#
Fridge;Weekly Essentials;Milk;2000;ml
Pantry;Weekly Essentials;Carb Clever Cereal;500;g
Pantry;Weekly Essentials;Oats;500;g
Pantry;Weekly Essentials;Brown Bread;1;#
Pantry;Weekly Essentials;Weetbix;900;#
Fridge;Weekly Essentials;Peanut Butter;500;ml
Fresh Produce;Weekly Essentials;Banana;12;#
Fresh Produce;Weekly Essentials;Apple (medium);6;#
Pantry;Weekly Essentials;Popped Cracker Cakes;80;g
Fridge;Weekly Essentials;Cream Cheese;250;g
Freezer;Weekly Essentials;Peas & Corn (Frozen);250;g
Fridge;Chocolate Chip Cookies;Butter;170;g
Pantry;Chocolate Chip Cookies;Brown Sugar;200;g
Pantry;Chocolate Chip Cookies;Sugar (white);50;g
Fridge;Chocolate Chip Cookies;Eggs;1;#
Fridge;Chocolate Chip Cookies;Egg Yolks;1;#
Pantry;Chocolate Chip Cookies;Vanilla Essence;15;ml
Pantry;Chocolate Chip Cookies;All Purpose Flour;220;g
Pantry;Chocolate Chip Cookies;Baking Soda;3,75;ml
Pantry;Chocolate Chip Cookies;Salt;5;ml
Pantry;Chocolate Chip Cookies;Chocolate (Lindt 78%);450;g
Fresh Produce;Broccoli Flatbread;Broccoli (head);1;#
Pantry;Broccoli Flatbread;Almond Flour;250;ml
Fridge;Broccoli Flatbread;Eggs;4;#
Pantry;Broccoli Flatbread;Salt;5;ml
Pantry;Broccoli Flatbread;Pepper;5;ml
